[
  {
    "id": "1",
    "authorId": "1",
    "title": "Hello World",
    "description": "This is my first post",
    "likes": 10,
    "comments": [
      {
        "id": "1",
        "authorId": "1",
        "text": "Great post!",
        "likes": 5,
        "nestedComments": [],
        "createdAt": "2024-01-01T00:00:00Z"
      }
    ],
    "createdAt": "2024-01-01T00:00:00Z"
  },
  {
    "id": "a1949325-1dd2-4b6c-8991-4697915d746b",
    "title": "My First Post",
    "description": "Hello world, this is my first post!",
    "likes": 0,
    "comments": [],
    "createdAt": "2024-11-05T08:25:28.497Z"
  }
]